title,video_url
Tom Misch - Against The Clock,https://www.youtube.com/watch?v=4CGBfbB4g0Y
Zaytoven - Against The Clock (ft. Yung Pinch),https://www.youtube.com/watch?v=CkHyL8Zxkno
Shlohmo - Against The Clock,https://www.youtube.com/watch?v=8QGZtla7tH8
Southside - Against The Clock,https://www.youtube.com/watch?v=dB4-uYqplXc
AraabMuzik - Against The Clock,https://www.youtube.com/watch?v=IZJj-SCCQto
Channel Tres - Against The Clock,https://www.youtube.com/watch?v=_lmquW5Q8yE
Fracture - Against The Clock,https://www.youtube.com/watch?v=wpNtTMaiZbY
MNDSGN - Against The Clock,https://www.youtube.com/watch?v=fQkC6AkfPmo
FJAAK - Against The Clock,https://www.youtube.com/watch?v=VyGTBRkqEOE
Yaeji - Against The Clock,https://www.youtube.com/watch?v=L1B8BCneRzY
Orbital - Against The Clock,https://www.youtube.com/watch?v=DiEkElKmGbw
MJ Cole - Against The Clock,https://www.youtube.com/watch?v=0O3tP60AKws
Sorry JayNari - Against The Clock,https://www.youtube.com/watch?v=T6buIYgg0tE
Steffi - Against The Clock,https://www.youtube.com/watch?v=7nTrQfL-DhU
Efdemin - Against The Clock,https://www.youtube.com/watch?v=MiiUNyCEM3Q
KiNK - Against The Clock,https://www.youtube.com/watch?v=WN47jS-DSrI
Jacques - Against The Clock,https://www.youtube.com/watch?v=8BxRatgedYE
Chromeo - Against The Clock,https://www.youtube.com/watch?v=CgX4Q0SWM1E
Varg - Against The Clock,https://www.youtube.com/watch?v=xmG-bl4R3q4
Umfang - Against The Clock,https://www.youtube.com/watch?v=8e_E3f-mb0o
Daedelus - Against The Clock (100th Episode),https://www.youtube.com/watch?v=Iu5m-Upb1tM
Ansome - Against The Clock,https://www.youtube.com/watch?v=dhLj24b9yGs
DJ Boring - Against The Clock,https://www.youtube.com/watch?v=cEuxusDqEAk
Dance System - Against The Clock,https://www.youtube.com/watch?v=l99JA0Zc21g
Mathew Jonson - Against The Clock,https://www.youtube.com/watch?v=xepdHwUvC3E
Georgia - Against The Clock,https://www.youtube.com/watch?v=GhZbYeb4HG4
Nick Hook - Against The Clock,https://www.youtube.com/watch?v=lv91yT_WAPA
Preditah - Against The Clock,https://www.youtube.com/watch?v=lKay9T47c2E
Brandt Brauer Frick - Against The Clock,https://www.youtube.com/watch?v=zFKQ4uNvVHM
Blue Hawaii - Against The Clock,https://www.youtube.com/watch?v=NpYyF5Rifj4
Artifact - Against The Clock,https://www.youtube.com/watch?v=Qs0ydbexe9o
Rvdical The Kid - Against The Clock,https://www.youtube.com/watch?v=NFenrFxgEo8
Throwing Shade - Against The Clock,https://www.youtube.com/watch?v=Eg3rrzaZKd4
Ben Hayes - Against The Clock (Competition),https://www.youtube.com/watch?v=64OhM9k4ruE
Braille - Against The Clock,https://www.youtube.com/watch?v=f1yXgr56KvE
Cadenza - Against The Clock,https://www.youtube.com/watch?v=hMJqZ-zO8Mc
Barker - Against The Clock,https://www.youtube.com/watch?v=ekQcvxKhkSk
Slugabed - Against The Clock,https://www.youtube.com/watch?v=5R7d3p_eQ_4
Ziro - Against The Clock,https://www.youtube.com/watch?v=S2VFH3pRUEw
Dance System - Against The Clock,https://www.youtube.com/watch?v=l99JA0Zc21g
Nan Kolé - Against The Clock,https://www.youtube.com/watch?v=DMvfkI7-Ids
Stay Positive - Against The Clock,https://www.youtube.com/watch?v=FFZN0wLNYJk
Sirpixalot - Against The Clock,https://www.youtube.com/watch?v=GG4LaMbOg-w
Thom Sonny Green - Against The Clock,https://www.youtube.com/watch?v=7SAu_c9II-A
Roska - Against The Clock,https://www.youtube.com/watch?v=GABjEXqV5tk
Heatsick - Against The Clock,https://www.youtube.com/watch?v=AbK5PUGh7U8
Last Japan - Against The Clock,https://www.youtube.com/watch?v=rosjVIGkoHg
Umfang - Against The Clock,https://www.youtube.com/watch?v=8e_E3f-mb0o
La Fine Equipe - Against The Clock,https://www.youtube.com/watch?v=SnuGzJipGWE
ZIV - Against The Clock,https://www.youtube.com/watch?v=d6FezoXcYCc
Emma Jean Thackray - Against The Clock,https://www.youtube.com/watch?v=tN1HWuFcNJc
Agar Agar - Against The Clock,https://www.youtube.com/watch?v=qybgMMJrJv0
Throwing Shade - Against The Clock,https://www.youtube.com/watch?v=Eg3rrzaZKd4
Dauwd - Against The Clock,https://www.youtube.com/watch?v=ZD3e-qQ0npA
DJ Q - Against The Clock,https://www.youtube.com/watch?v=d42B6m12UVg
Odunsi (The Engine) - Against The Clock,https://www.youtube.com/watch?v=5JzXvyrQIQQ
Blue Hawaii - Against The Clock,https://www.youtube.com/watch?v=NpYyF5Rifj4
Kiefer - Against The Clock,https://www.youtube.com/watch?v=gK5vdsAbDCU
Jae5 - Against The Clock,https://www.youtube.com/watch?v=uNdQYMmeBpg
Heatsick - Against The Clock,https://www.youtube.com/watch?v=AbK5PUGh7U8
Ikonika - Against The Clock,https://www.youtube.com/watch?v=caAc_KYLZOM
Brandt Brauer Frick - Against The Clock,https://www.youtube.com/watch?v=zFKQ4uNvVHM
Tim Green - Against The Clock,https://www.youtube.com/watch?v=h27QM96aCOg
DJ Haus - Against The Clock,https://www.youtube.com/watch?v=qrjS5L-EwD8
Colin Benders - Against The Clock Lab,https://www.youtube.com/watch?v=jIaw_6XGLPo
Slugabed - Against The Clock,https://www.youtube.com/watch?v=5R7d3p_eQ_4
O'Flynn - Against The Clock,https://www.youtube.com/watch?v=0wShChB2Xj8
Rvdical The Kid - Against The Clock,https://www.youtube.com/watch?v=NFenrFxgEo8
Braille - Against The Clock,https://www.youtube.com/watch?v=f1yXgr56KvE
Artifact - Against The Clock,https://www.youtube.com/watch?v=Qs0ydbexe9o
Halogenix - Against The Clock,https://www.youtube.com/watch?v=yb-fowz9AVs
Brandon Coleman - Against The Clock,https://www.youtube.com/watch?v=Za6S3JKM7QI
Slikback - Against The Clock,https://www.youtube.com/watch?v=FC7KT7c50TI
Boy 8-Bit - Against The Clock,https://www.youtube.com/watch?v=DIMUsAd3NsE
Tom Furse - Against The Clock,https://www.youtube.com/watch?v=q1AgXVGbl_w
Ben Hayes - Against The Clock (Competition),https://www.youtube.com/watch?v=64OhM9k4ruE
Telekinesis - Against The Clock,https://www.youtube.com/watch?v=Q1uUIvcd3sU
Cadenza - Against The Clock,https://www.youtube.com/watch?v=hMJqZ-zO8Mc
Leafcutter John - Against The Clock,https://www.youtube.com/watch?v=X1cmWFP3f8o
Sebastian Mullaert - Against The Clock,https://www.youtube.com/watch?v=p9uL9CSMbrI
Tom Demac - Against The Clock,https://www.youtube.com/watch?v=Et2sWkd96c0
Yehaiyahan - Against The Clock,https://www.youtube.com/watch?v=JOTBq-sBB5g
Hector Plimmer - Against The Clock,https://www.youtube.com/watch?v=cILgaxA-gbk
Posthuman - Against The Clock,https://www.youtube.com/watch?v=bHwXMpCQkCk
Ziro - Against The Clock,https://www.youtube.com/watch?v=S2VFH3pRUEw
Roska - Against The Clock,https://www.youtube.com/watch?v=GABjEXqV5tk
Jon Phonics - Against The Clock,https://www.youtube.com/watch?v=Hkv0l-ewKxo
Novo Line - Against The Clock,https://www.youtube.com/watch?v=hJLM7n4-gbA
Logos - Against The Clock,https://www.youtube.com/watch?v=LI0Lw_IGooI
Nan Kolé - Against The Clock,https://www.youtube.com/watch?v=DMvfkI7-Ids
Stay Positive - Against The Clock,https://www.youtube.com/watch?v=FFZN0wLNYJk
La Fine Equipe - Against The Clock,https://www.youtube.com/watch?v=SnuGzJipGWE
Sirpixalot - Against The Clock,https://www.youtube.com/watch?v=GG4LaMbOg-w
Dupri - Against The Clock,https://www.youtube.com/watch?v=gJjhgRpeCuc
Happa - Against The Clock,https://www.youtube.com/watch?v=SEHySFyN4Jc
Foodman (食品まつり) - Against The Clock,https://www.youtube.com/watch?v=sXIGR5_qC48
Thom Sonny Green - Against The Clock,https://www.youtube.com/watch?v=7SAu_c9II-A
Bintus - Against The Clock,https://www.youtube.com/watch?v=pz1FYZkPdK0
Plastician - Against The Clock,https://www.youtube.com/watch?v=YY4YYrlcLCE
Kwake Bass - Against The Clock,https://www.youtube.com/watch?v=BSw4UQTH0qU
Antigone - Against The Clock,https://www.youtube.com/watch?v=VeJ7fUcyGA0
Jammer - Against The Clock,https://www.youtube.com/watch?v=kYKrch5oAgE
De Sluwe Vos - Against The Clock,https://www.youtube.com/watch?v=Qs2fPV4aQ00
The Samps - Against The Clock,https://www.youtube.com/watch?v=WsPYI5hIZeo
ZIV - Against The Clock,https://www.youtube.com/watch?v=d6FezoXcYCc
Exercise One - Against The Clock,https://www.youtube.com/watch?v=dWU9iirFx5Q
Higo - Against The Clock,https://www.youtube.com/watch?v=VcRiiwUeCd8
Wiklow - Against The Clock (Mutek Montreal 2018),https://www.youtube.com/watch?v=kF313PhZjco
AMyn - Against The Clock Lab,https://www.youtube.com/watch?v=YDigW8FaJDw
Brassica - Against The Clock,https://www.youtube.com/watch?v=jqeRQhSzISs
Beacon - Against The Clock,https://www.youtube.com/watch?v=ZZ5HuJN8ZLI
T Williams - Against The Clock,https://www.youtube.com/watch?v=Q05K8j5Al54
Sam Binga - Against The Clock,https://www.youtube.com/watch?v=kSeiFzV1J9w
Wallwork - Against The Clock,https://www.youtube.com/watch?v=0f-xOs7ZxTI
Matias Aguayo - Against The Clock,https://www.youtube.com/watch?v=blIQv3Q6FHM
Rejoicer - Against The Clock,https://www.youtube.com/watch?v=ggMIgKbb0TQ
Sjamsoedin - Against The Clock Lab,https://www.youtube.com/watch?v=ak6N56UlNaw
Benjamin Damage - Against The Clock,https://www.youtube.com/watch?v=3qNKgtzEWCs
Gafacci - Against The Clock,https://www.youtube.com/watch?v=ZijrtZLZYaI
Mechatok - Against The Clock,https://www.youtube.com/watch?v=GdIT-tPTXMo
Matthew Dear - Against The Clock,https://www.youtube.com/watch?v=59as1QmDWRg
Wild & Free - Against The Clock,https://www.youtube.com/watch?v=tHcLqmCL9KU
Wu - Lu - Against The Clock,https://www.youtube.com/watch?v=Fq2CYGasCZI
Prince Rapid - Against The Clock,https://www.youtube.com/watch?v=eLpEit2AsAg
Guy Andrews - Against The Clock,https://www.youtube.com/watch?v=NIGEM0pxuEc
Deft - Against The Clock,https://www.youtube.com/watch?v=aUB2x7c2v-w
Joe Armon-Jones - Against The Clock,https://www.youtube.com/watch?v=q1mCwhYFNzk
Anabasine - Against The Clock (Live from Mutek 2018),https://www.youtube.com/watch?v=MWP-uhKQQd4